{
    "recall": 0.8163265306122449,
    "precision": 0.9523809523809523,
    "f1_score": 0.8791208791208791
}
