{
    "recall": 0.7755102040816326,
    "precision": 0.926829268292683,
    "f1_score": 0.8444444444444446
}
